{
  "min": {
    "x": -0.5442481637001038,
    "y": -0.0015968217048794031,
    "z": -0.5413771867752075
  },
  "max": {
    "x": 0.4515548348426819,
    "y": 2.049320697784424,
    "z": 0.5407395362854004
  }
}