{
  "min": {
    "x": -0.4812816381454468,
    "y": -0.002331733237951994,
    "z": -0.4798131585121155
  },
  "max": {
    "x": 0.46906042098999023,
    "y": 1.7461260557174683,
    "z": 0.36863645911216736
  }
}