{
  "min": {
    "x": -0.6074811220169067,
    "y": -0.011125560849905014,
    "z": -4.954155921936035
  },
  "max": {
    "x": 0.7672309875488281,
    "y": 3.2868447303771973,
    "z": 0.5016028881072998
  }
}